|2020-06-03 03:56:37| +18572091961 +18706863913 0.03 USD |I would vote for +41799113009| Cambridge 02138 campaign_maboko_1 +41799113009 24
|2020-06-03 03:59:38| +18572091981 +18706863893 0.03 USD |I would vote for +41799112989| Cambridge 02138 campaign_maboko_1 +16073393375 44
|2020-06-03 03:59:38| +18572091981 +18706863893 0.03 USD |I would vote for +41799112989| Cambridge 02138 campaign_maboko_1 +16073393375 44
|2020-06-03 03:59:38| +18572091981 +18706863893 0.03 USD |I would vote for +41799112989| Cambridge 02138 campaign_maboko_1 +16073393375 44
|2020-06-03 03:59:39| +18572091981 +18706863893 0.03 USD |I would vote for +41799112989| Cambridge 02138 campaign_maboko_1 +16073393375 44
|2020-06-03 03:59:39| +18572091981 +18706863893 0.03 USD |I would vote for +41799112989| Cambridge 02138 campaign_maboko_1 +16073393375 44
|2020-06-03 03:59:40| +18572091981 +18706863893 0.03 USD |I would vote for +41799112989| Cambridge 02138 campaign_maboko_1 +16073393375 44
|2020-06-03 03:59:40| +18572091981 +18706863893 0.03 USD |I would vote for +41799112989| Cambridge 02138 campaign_maboko_1 +16073393375 44
|2020-06-03 03:59:41| +18572091981 +18706863893 0.03 USD |I would vote for +41799112989| Cambridge 02138 campaign_maboko_1 +16073393375 44
|2020-06-03 03:59:41| +18572091981 +18706863893 0.03 USD |I would vote for +41799112989| Cambridge 02138 campaign_maboko_1 +16073393375 44
|2020-06-03 03:59:42| +18572091981 +18706863893 0.03 USD |I would vote for +41799112989| Cambridge 02138 campaign_maboko_1 +16073393375 44
|2020-06-03 03:59:42| +18572091981 +18706863893 0.03 USD |I would vote for +41799112989| Cambridge 02138 campaign_maboko_1 +16073393375 44
|2020-06-03 03:59:43| +18572091981 +18706863893 0.03 USD |I would vote for +41799112989| Cambridge 02138 campaign_maboko_1 +16073393375 44
|2020-06-03 03:59:43| +18572091981 +18706863893 0.03 USD |I would vote for +41799112989| Cambridge 02138 campaign_maboko_1 +16073393375 44
|2020-06-03 03:59:44| +18572091981 +18706863893 0.03 USD |I would vote for +41799112989| Cambridge 02138 campaign_maboko_1 +16073393375 44
|2020-06-03 03:59:44| +18572091981 +18706863893 0.03 USD |I would vote for +41799112989| Cambridge 02138 campaign_maboko_1 +16073393375 44
|2020-06-03 03:59:45| +18572091981 +18706863893 0.03 USD |I would vote for +41799112989| Cambridge 02138 campaign_maboko_1 +16073393375 44
|2020-06-03 03:59:45| +18572091981 +18706863893 0.03 USD |I would vote for +41799112989| Cambridge 02138 campaign_maboko_1 +16073393375 44
|2020-06-03 03:59:46| +18572091981 +18706863893 0.03 USD |I would vote for +41799112989| Cambridge 02138 campaign_maboko_1 +16073393375 44
|2020-06-03 03:59:46| +18572091981 +18706863893 0.03 USD |I would vote for +41799112989| Cambridge 02138 campaign_maboko_1 +16073393375 44
|2020-06-03 03:59:47| +18572091981 +18706863893 0.03 USD |I would vote for +41799112989| Cambridge 02138 campaign_maboko_1 +16073393375 44
|2020-06-03 03:59:47| +18572091981 +18706863893 0.03 USD |I would vote for +41799112989| Cambridge 02138 campaign_maboko_1 +16073393375 44
|2020-06-03 03:59:48| +18572091981 +18706863893 0.03 USD |I would vote for +41799112989| Cambridge 02138 campaign_maboko_1 +16073393375 44
|2020-06-03 03:59:48| +18572091981 +18706863893 0.03 USD |I would vote for +41799112989| Cambridge 02138 campaign_maboko_1 +16073393375 44
|2020-06-03 03:59:48| +18572091981 +18706863893 0.03 USD |I would vote for +41799112989| Cambridge 02138 campaign_maboko_1 +16073393375 44
|2020-06-03 03:59:49| +18572091981 +18706863893 0.03 USD |I would vote for +41799112989| Cambridge 02138 campaign_maboko_1 +16073393375 44
|2020-06-03 03:59:49| +18572091981 +18706863893 0.03 USD |I would vote for +41799112989| Cambridge 02138 campaign_maboko_1 +16073393375 44
|2020-06-03 03:59:50| +18572091981 +18706863893 0.03 USD |I would vote for +41799112989| Cambridge 02138 campaign_maboko_1 +16073393375 44
|2020-06-03 03:59:50| +18572091981 +18706863893 0.03 USD |I would vote for +41799112989| Cambridge 02138 campaign_maboko_1 +16073393375 44
|2020-06-03 03:59:51| +18572091981 +18706863893 0.03 USD |I would vote for +41799112989| Cambridge 02138 campaign_maboko_1 +16073393375 44
|2020-06-03 03:59:51| +18572091981 +18706863893 0.03 USD |I would vote for +41799112989| Cambridge 02138 campaign_maboko_1 +16073393375 44
|2020-06-03 03:59:52| +18572091981 +18706863893 0.03 USD |I would vote for +41799112989| Cambridge 02138 campaign_maboko_1 +16073393375 44
|2020-06-03 03:59:52| +18572091981 +18706863893 0.03 USD |I would vote for +41799112989| Cambridge 02138 campaign_maboko_1 +16073393375 44
|2020-06-03 03:59:53| +18572091981 +18706863893 0.03 USD |I would vote for +41799112989| Cambridge 02138 campaign_maboko_1 +16073393375 44
|2020-06-03 03:59:53| +18572091981 +18706863893 0.03 USD |I would vote for +41799112989| Cambridge 02138 campaign_maboko_1 +16073393375 44
|2020-06-03 03:59:54| +18572091981 +18706863893 0.03 USD |I would vote for +41799112989| Cambridge 02138 campaign_maboko_1 +16073393375 44
|2020-06-03 03:59:54| +18572091981 +18706863893 0.03 USD |I would vote for +41799112989| Cambridge 02138 campaign_maboko_1 +16073393375 44
|2020-06-03 03:59:55| +18572091981 +18706863893 0.03 USD |I would vote for +41799112989| Cambridge 02138 campaign_maboko_1 +16073393375 44
|2020-06-03 03:59:55| +18572091981 +18706863893 0.03 USD |I would vote for +41799112989| Cambridge 02138 campaign_maboko_1 +16073393375 44
|2020-06-03 03:59:56| +18572091981 +18706863893 0.03 USD |I would vote for +41799112989| Cambridge 02138 campaign_maboko_1 +16073393375 44
|2020-06-03 03:59:56| +18572091981 +18706863893 0.03 USD |I would vote for +41799112989| Cambridge 02138 campaign_maboko_1 +16073393375 44
|2020-06-03 03:59:57| +18572091981 +18706863893 0.03 USD |I would vote for +41799112989| Cambridge 02138 campaign_maboko_1 +16073393375 44
|2020-06-03 03:59:57| +18572091981 +18706863893 0.03 USD |I would vote for +41799112989| Cambridge 02138 campaign_maboko_1 +16073393375 44
|2020-06-03 03:59:58| +18572091981 +18706863893 0.03 USD |I would vote for +41799112989| Cambridge 02138 campaign_maboko_1 +16073393375 44
|2020-06-03 03:59:58| +18572091981 +18706863893 0.03 USD |I would vote for +41799112989| Cambridge 02138 campaign_maboko_1 +16073393375 44
|2020-06-03 03:59:59| +18572091981 +18706863893 0.03 USD |I would vote for +41799112989| Cambridge 02138 campaign_maboko_1 +16073393375 44
|2020-06-03 03:59:59| +18572091981 +18706863893 0.03 USD |I would vote for +41799112989| Cambridge 02138 campaign_maboko_1 +16073393375 44
|2020-06-03 04:00:00| +18572091981 +18706863893 0.03 USD |I would vote for +41799112989| Cambridge 02138 campaign_maboko_1 +16073393375 44
|2020-06-03 04:00:00| +18572091981 +18706863893 0.03 USD |I would vote for +41799112989| Cambridge 02138 campaign_maboko_1 +16073393375 44
|2020-06-03 04:00:01| +18572091981 +18706863893 0.03 USD |I would vote for +41799112989| Cambridge 02138 campaign_maboko_1 +16073393375 44
|2020-06-03 04:00:01| +18572091981 +18706863893 0.03 USD |I would vote for +41799112989| Cambridge 02138 campaign_maboko_1 +16073393375 44
|2020-06-03 04:00:02| +18572091981 +18706863893 0.03 USD |I would vote for +41799112989| Cambridge 02138 campaign_maboko_1 +16073393375 44
|2020-06-03 04:00:03| +18572091981 +18706863893 0.03 USD |I would vote for +41799112989| Cambridge 02138 campaign_maboko_1 +16073393375 44
|2020-06-03 04:00:03| +18572091981 +18706863893 0.03 USD |I would vote for +41799112989| Cambridge 02138 campaign_maboko_1 +16073393375 44
|2020-06-03 04:00:04| +18572091981 +18706863893 0.03 USD |I would vote for +41799112989| Cambridge 02138 campaign_maboko_1 +16073393375 44
|2020-06-03 04:00:04| +18572091981 +18706863893 0.03 USD |I would vote for +41799112989| Cambridge 02138 campaign_maboko_1 +16073393375 44
|2020-06-03 04:00:05| +18572091981 +18706863893 0.03 USD |I would vote for +41799112989| Cambridge 02138 campaign_maboko_1 +16073393375 44
|2020-06-03 04:00:05| +18572091981 +18706863893 0.03 USD |I would vote for +41799112989| Cambridge 02138 campaign_maboko_1 +16073393375 44
|2020-06-03 04:00:06| +18572091981 +18706863893 0.03 USD |I would vote for +41799112989| Cambridge 02138 campaign_maboko_1 +16073393375 44
|2020-06-03 04:00:06| +18572091981 +18706863893 0.03 USD |I would vote for +41799112989| Cambridge 02138 campaign_maboko_1 +16073393375 44
|2020-06-03 04:00:07| +18572091981 +18706863893 0.03 USD |I would vote for +41799112989| Cambridge 02138 campaign_maboko_1 +16073393375 44
|2020-06-03 04:00:07| +18572091981 +18706863893 0.03 USD |I would vote for +41799112989| Cambridge 02138 campaign_maboko_1 +16073393375 44
|2020-06-03 04:00:08| +18572091981 +18706863893 0.03 USD |I would vote for +41799112989| Cambridge 02138 campaign_maboko_1 +16073393375 44
|2020-06-03 04:00:08| +18572091981 +18706863893 0.03 USD |I would vote for +41799112989| Cambridge 02138 campaign_maboko_1 +16073393375 44
|2020-06-03 04:00:09| +18572091981 +18706863893 0.03 USD |I would vote for +41799112989| Cambridge 02138 campaign_maboko_1 +16073393375 44
|2020-06-03 04:00:09| +18572091981 +18706863893 0.03 USD |I would vote for +41799112989| Cambridge 02138 campaign_maboko_1 +16073393375 44
|2020-06-03 04:00:10| +18572091981 +18706863893 0.03 USD |I would vote for +41799112989| Cambridge 02138 campaign_maboko_1 +16073393375 44
|2020-06-03 04:00:10| +18572091981 +18706863893 0.03 USD |I would vote for +41799112989| Cambridge 02138 campaign_maboko_1 +16073393375 44
